Pot,Treatment,Week,Sub_sample,Tube_weight,Tube_soil_weight,Soil_ww,Soil_dw,DF,Count1,Count2,Count3,CFU_mL,CFU_gdw,log_CFU_gdw
1,Control,0,1,1.01,1.73,0.72,0.288,0,0,0,0,0,0,NA
1,Control,0,2,0.98,1.49,0.51,0.204,0,0,0,0,0,0,NA
2,Control,0,1,0.98,1.5,0.52,0.208,0,0,0,0,0,0,NA
2,Control,0,2,0.98,1.46,0.48,0.192,0,0,0,0,0,0,NA
3,Manure_SA,0,1,0.98,1.49,0.51,0.204,0,38,35,40,4708.333333,23080.06536,4
3,Manure_SA,0,2,0.98,1.45,0.47,0.188,0,1,6,8,625,3324.468085,4
4,Manure_SA,0,1,0.99,1.49,0.5,0.2,0,41,63,50,6416.666667,32083.33333,5
4,Manure_SA,0,2,0.98,1.59,0.61,0.244,0,22,33,36,3791.666667,15539.61749,4
5,Manure_incorp,0,1,0.95,1.37,0.42,0.168,0,7,6,7,833.3333333,4960.31746,4
5,Manure_incorp,0,2,0.99,1.48,0.49,0.196,0,2,3,5,416.6666667,2125.85034,3
6,Manure_incorp,0,1,1.01,1.72,0.71,0.284,0,0,0,12,500,1760.56338,3
6,Manure_incorp,0,2,0.96,1.59,0.63,0.252,0,15,10,7,1333.333333,5291.005291,4
7,InocSoil_SA,0,1,1.03,1.53,0.5,0.2,-3,72,69,44,6166666.667,30833333.33,7
7,InocSoil_SA,0,2,0.94,1.5,0.56,0.224,-4,6,9,6,7000000,31250000,7
8,InocSoil_SA,0,1,0.99,1.52,0.53,0.212,-3,56,37,44,4566666.667,21540880.5,7
8,InocSoil_SA,0,2,0.99,1.5,0.51,0.204,-3,0,57,44,3366666.667,16503267.97,7
9,InocSoil_Incorp,0,1,0.99,1.47,0.48,0.192,-4,12,11,10,11000000,57291666.67,8
9,InocSoil_Incorp,0,2,0.99,1.57,0.58,0.232,-3,73,73,56,6733333.333,29022988.51,7
10,InocSoil_Incorp,0,1,0.95,1.68,0.73,0.292,-4,6,11,8,8333333.333,28538812.79,7
10,InocSoil_Incorp,0,2,0.95,1.6,0.65,0.26,-4,11,6,7,8000000,30769230.77,7
11,InocManure_SA,0,1,0.99,1.66,0.67,0.268,-4,26,26,15,22333333.33,83333333.33,8
11,InocManure_SA,0,2,1,1.46,0.46,0.184,-4,80,80,66,75333333.33,409420289.9,9
12,InocManure_SA,0,1,1,1.74,0.74,0.296,-5,17,68,48,443333333.3,1497747748,9
12,InocManure_SA,0,2,1.03,1.65,0.62,0.248,-5,38,32,42,373333333.3,1505376344,9
13,InocManure_Incorp,0,1,1,1.55,0.55,0.22,-3,15,6,6,900000,4090909.091,7
13,InocManure_Incorp,0,2,0.99,1.56,0.57,0.228,-3,4,5,4,433333.3333,1900584.795,6
14,InocManure_Incorp,0,1,0.92,1.46,0.54,0.216,-4,10,12,28,16666666.67,77160493.83,8
14,InocManure_Incorp,0,2,0.97,1.66,0.69,0.276,-4,13,15,22,16666666.67,60386473.43,8
15,Control,0,1,0.98,1.62,0.64,0.256,0,0,0,0,0,0,NA
15,Control,0,2,0.97,1.58,0.61,0.244,0,0,0,0,0,0,NA
16,Control,0,1,0.97,1.57,0.6,0.24,0,0,0,0,0,0,NA
16,Control,0,2,0.99,1.63,0.64,0.256,0,0,0,0,0,0,NA
17,Manure_SA,0,1,0.97,1.76,0.79,0.316,0,29,48,41,4916.666667,15559.07173,4
17,Manure_SA,0,2,0.97,1.67,0.7,0.28,-1,15,13,8,15000,53571.42857,5
18,Manure_SA,0,1,0.96,1.77,0.81,0.324,-1,8,10,10,11666.66667,36008.23045,5
18,Manure_SA,0,2,0.97,1.74,0.77,0.308,-1,37,18,24,32916.66667,106872.2944,5
19,Manure_incorp,0,1,0.97,1.51,0.54,0.216,0,3,5,7,625,2893.518519,3
19,Manure_incorp,0,2,0.97,1.54,0.57,0.228,0,7,4,2,541.6666667,2375.730994,3
20,Manure_incorp,0,1,0.97,1.43,0.46,0.184,0,15,18,24,2375,12907.6087,4
20,Manure_incorp,0,2,0.97,1.65,0.68,0.272,0,7,18,12,1541.666667,5667.892157,4
21,InocSoil_SA,0,1,0.96,1.49,0.53,0.212,-4,44,33,33,45833333.33,216194968.6,8
21,InocSoil_SA,0,2,0.96,1.53,0.57,0.228,-4,20,15,14,20416666.67,89546783.63,8
22,InocSoil_SA,0,1,0.96,1.52,0.56,0.224,-4,26,24,22,24000000,107142857.1,8
22,InocSoil_SA,0,2,0.97,1.68,0.71,0.284,-4,19,19,16,18000000,63380281.69,8
23,InocSoil_Incorp,0,1,0.98,1.61,0.63,0.252,-3,31,18,17,2200000,8730158.73,7
23,InocSoil_Incorp,0,2,0.97,1.55,0.58,0.232,-4,29,29,17,25000000,107758620.7,8
24,InocSoil_Incorp,0,1,0.97,1.64,0.67,0.268,-4,31,53,24,36000000,134328358.2,8
24,InocSoil_Incorp,0,2,0.96,1.77,0.81,0.324,-4,60,52,55,55666666.67,171810699.6,8
25,InocManure_SA,0,1,0.97,1.5,0.53,0.212,-5,32,20,13,216666666.7,1022012579,9
25,InocManure_SA,0,2,0.98,1.34,0.36,0.144,-4,51,51,38,46666666.67,324074074.1,9
26,InocManure_SA,0,1,0.97,1.39,0.42,0.168,-4,62,51,56,56333333.33,335317460.3,9
26,InocManure_SA,0,2,1.03,1.7,0.67,0.268,-4,84,96,92,90666666.67,338308457.7,9
27,InocManure_Incorp,0,1,0.97,1.57,0.6,0.24,-4,9,7,14,10000000,41666666.67,8
27,InocManure_Incorp,0,2,0.97,1.71,0.74,0.296,-5,0,10,17,90000000,304054054.1,8
28,InocManure_Incorp,0,1,0.96,1.6,0.64,0.256,-4,21,51,33,35000000,136718750,8
28,InocManure_Incorp,0,2,0.98,1.45,0.47,0.188,-4,33,32,32,32333333.33,171985815.6,8
1,Control,1,1,0.96,1.51,0.55,0.22,0,0,0,0,0,0,NA
1,Control,1,2,0.97,1.48,0.51,0.204,0,0,0,0,0,0,NA
2,Control,1,1,0.96,1.47,0.51,0.204,0,0,0,0,0,0,NA
2,Control,1,2,0.97,1.52,0.55,0.22,0,0,0,0,0,0,NA
3,Manure_SA,1,1,0.96,1.57,0.61,0.244,0,0,0,0,0,0,NA
3,Manure_SA,1,2,0.98,1.47,0.49,0.196,0,0,0,0,0,0,NA
4,Manure_SA,1,1,0.97,1.57,0.6,0.24,0,0,0,0,0,0,NA
4,Manure_SA,1,2,0.97,1.45,0.48,0.192,0,0,0,0,0,0,NA
5,Manure_incorp,1,1,0.99,1.5,0.51,0.204,0,3,0,0,142.8571429,700.280112,3
5,Manure_incorp,1,2,0.96,1.53,0.57,0.228,0,2,0,0,95.23809524,417.710944,3
6,Manure_incorp,1,1,1.01,1.54,0.53,0.212,0,1,1,0,95.23809524,449.2362983,3
6,Manure_incorp,1,2,0.97,1.65,0.68,0.272,0,3,1,3,333.3333333,1225.490196,3
7,InocSoil_SA,1,1,0.97,1.41,0.44,0.176,-3,6,6,3,500000,2840909.091,6
7,InocSoil_SA,1,2,0.97,1.48,0.51,0.204,-2,21,24,17,206666.6667,1013071.895,6
8,InocSoil_SA,1,1,0.97,1.5,0.53,0.212,-3,16,14,10,1333333.333,6289308.176,7
8,InocSoil_SA,1,2,0.97,1.5,0.53,0.212,-3,22,23,20,2166666.667,10220125.79,7
9,InocSoil_Incorp,1,1,0.97,1.53,0.56,0.224,-3,3,3,6,400000,1785714.286,6
9,InocSoil_Incorp,1,2,0.97,1.5,0.53,0.212,-3,7,7,3,566666.6667,2672955.975,6
10,InocSoil_Incorp,1,1,0.98,1.47,0.49,0.196,-2,9,15,10,113333.3333,578231.2925,6
10,InocSoil_Incorp,1,2,0.95,1.51,0.56,0.224,-3,7,6,5,600000,2678571.429,6
11,InocManure_SA,1,1,0.97,1.45,0.48,0.192,-4,13,7,7,9000000,46875000,8
11,InocManure_SA,1,2,0.97,1.5,0.53,0.212,-4,6,4,5,5000000,23584905.66,7
12,InocManure_SA,1,1,0.97,1.47,0.5,0.2,-4,3,2,5,3333333.333,16666666.67,7
12,InocManure_SA,1,2,0.98,1.48,0.5,0.2,-3,30,19,13,2066666.667,10333333.33,7
13,InocManure_Incorp,1,1,0.95,1.5,0.55,0.22,-2,6,3,7,53333.33333,242424.2424,5
13,InocManure_Incorp,1,2,0.96,1.54,0.58,0.232,-2,3,7,5,50000,215517.2414,5
14,InocManure_Incorp,1,1,0.95,1.56,0.61,0.244,-3,4,9,7,666666.6667,2732240.437,6
14,InocManure_Incorp,1,2,0.96,1.62,0.66,0.264,-3,9,7,6,733333.3333,2777777.778,6
15,Control,1,1,0.97,1.39,0.42,0.168,0,0,0,0,0,0,NA
15,Control,1,2,0.96,1.56,0.6,0.24,0,0,0,0,0,0,NA
16,Control,1,1,0.97,1.76,0.79,0.316,0,0,0,0,0,0,NA
16,Control,1,2,1.01,1.41,0.4,0.16,0,0,0,0,0,0,NA
17,Manure_SA,1,1,0.98,1.49,0.51,0.204,0,1,1,1,142.8571429,700.280112,3
17,Manure_SA,1,2,0.97,1.64,0.67,0.268,0,0,0,0,0,0,NA
18,Manure_SA,1,1,0.97,1.47,0.5,0.2,0,2,1,2,238.0952381,1190.47619,3
18,Manure_SA,1,2,0.97,1.49,0.52,0.208,0,2,2,1,238.0952381,1144.688645,3
19,Manure_incorp,1,1,0.95,1.55,0.6,0.24,0,4,4,2,476.1904762,1984.126984,3
19,Manure_incorp,1,2,0.97,1.57,0.6,0.24,0,4,1,0,238.0952381,992.0634921,3
20,Manure_incorp,1,1,0.99,1.48,0.49,0.196,0,0,0,2,95.23809524,485.9086492,3
20,Manure_incorp,1,2,0.97,1.5,0.53,0.212,0,4,0,8,571.4285714,2695.41779,3
21,InocSoil_SA,1,1,0.97,1.53,0.56,0.224,-3,9,9,5,766666.6667,3422619.048,7
21,InocSoil_SA,1,2,0.97,1.52,0.55,0.22,-3,7,6,1,466666.6667,2121212.121,6
22,InocSoil_SA,1,1,0.97,1.64,0.67,0.268,-2,8,4,7,63333.33333,236318.408,5
22,InocSoil_SA,1,2,0.96,1.47,0.51,0.204,-2,2,3,1,20000,98039.21569,5
23,InocSoil_Incorp,1,1,0.98,1.5,0.52,0.208,-2,27,26,31,280000,1346153.846,6
23,InocSoil_Incorp,1,2,0.98,1.45,0.47,0.188,-2,23,25,20,226666.6667,1205673.759,6
24,InocSoil_Incorp,1,1,0.99,1.55,0.56,0.224,-2,29,32,23,280000,1250000,6
24,InocSoil_Incorp,1,2,0.97,1.53,0.56,0.224,-2,33,32,27,306666.6667,1369047.619,6
25,InocManure_SA,1,1,0.97,1.48,0.51,0.204,-3,65,70,69,6800000,33333333.33,8
25,InocManure_SA,1,2,0.99,1.48,0.49,0.196,-3,28,38,45,3700000,18877551.02,7
26,InocManure_SA,1,1,0.96,1.45,0.49,0.196,-3,10,11,11,1066666.667,5442176.871,7
26,InocManure_SA,1,2,0.97,1.55,0.58,0.232,-3,18,15,17,1666666.667,7183908.046,7
27,InocManure_Incorp,1,1,0.96,1.57,0.61,0.244,-3,46,42,43,4366666.667,17896174.86,7
27,InocManure_Incorp,1,2,0.96,1.47,0.51,0.204,-3,68,58,60,6200000,30392156.86,7
28,InocManure_Incorp,1,1,0.99,1.47,0.48,0.192,-2,40,46,50,453333.3333,2361111.111,6
28,InocManure_Incorp,1,2,0.98,1.55,0.57,0.228,-2,31,28,30,296666.6667,1301169.591,6
1,Control,2,1,1.01,1.68,0.67,0.268,0,0,0,0,0,0,NA
1,Control,2,2,0.96,1.33,0.37,0.148,0,0,0,0,0,0,NA
2,Control,2,1,0.96,1.57,0.61,0.244,0,0,0,0,0,0,NA
2,Control,2,2,0.97,1.51,0.54,0.216,0,0,0,0,0,0,NA
3,Manure_SA,2,1,0.97,1.59,0.62,0.248,0,0,0,0,0,0,NA
3,Manure_SA,2,2,0.97,1.5,0.53,0.212,0,0,0,1,33.33333333,157.2327044,2
4,Manure_SA,2,1,0.97,1.45,0.48,0.192,0,0,0,0,0,0,NA
4,Manure_SA,2,2,0.97,1.57,0.6,0.24,0,0,0,2,66.66666667,277.7777778,2
5,Manure_incorp,2,1,0.97,1.42,0.45,0.18,0,0,1,2,100,555.5555556,3
5,Manure_incorp,2,2,0.98,1.57,0.59,0.236,0,0,0,1,33.33333333,141.2429379,2
6,Manure_incorp,2,1,0.95,1.4,0.45,0.18,0,6,3,1,333.3333333,1851.851852,3
6,Manure_incorp,2,2,0.96,1.47,0.51,0.204,0,4,8,5,566.6666667,2777.777778,3
7,InocSoil_SA,2,1,0.97,1.49,0.52,0.208,-2,13,5,8,86666.66667,416666.6667,6
7,InocSoil_SA,2,2,0.97,1.52,0.55,0.22,-1,21,17,17,18333.33333,83333.33333,5
8,InocSoil_SA,2,1,0.98,1.51,0.53,0.212,-2,28,17,23,226666.6667,1069182.39,6
8,InocSoil_SA,2,2,0.97,1.44,0.47,0.188,-2,29,23,22,246666.6667,1312056.738,6
9,InocSoil_Incorp,2,1,0.96,1.61,0.65,0.26,-2,18,14,14,153333.3333,589743.5897,6
9,InocSoil_Incorp,2,2,0.97,1.52,0.55,0.22,-2,14,8,15,123333.3333,560606.0606,6
10,InocSoil_Incorp,2,1,0.98,1.57,0.59,0.236,-2,32,28,31,303333.3333,1285310.734,6
10,InocSoil_Incorp,2,2,0.97,1.52,0.55,0.22,-2,21,19,26,220000,1000000,6
11,InocManure_SA,2,1,0.98,1.63,0.65,0.26,-2,10,10,12,106666.6667,410256.4103,6
11,InocManure_SA,2,2,0.96,1.39,0.43,0.172,-2,21,16,13,166666.6667,968992.2481,6
12,InocManure_SA,2,1,0.96,1.61,0.65,0.26,-2,39,37,28,346666.6667,1333333.333,6
12,InocManure_SA,2,2,0.97,1.61,0.64,0.256,-2,8,10,15,110000,429687.5,6
13,InocManure_Incorp,2,1,0.99,1.52,0.53,0.212,-1,10,13,13,12000,56603.77358,5
13,InocManure_Incorp,2,2,0.97,1.53,0.56,0.224,-1,10,11,6,9000,40178.57143,5
14,InocManure_Incorp,2,1,0.96,1.53,0.57,0.228,-2,37,35,39,370000,1622807.018,6
14,InocManure_Incorp,2,2,0.97,1.49,0.52,0.208,-2,17,9,17,143333.3333,689102.5641,6
15,Control,2,1,0.98,1.58,0.6,0.24,0,0,0,0,0,0,NA
15,Control,2,2,0.99,1.6,0.61,0.244,0,0,0,0,0,0,NA
16,Control,2,1,0.97,1.45,0.48,0.192,0,0,0,0,0,0,NA
16,Control,2,2,0.98,1.58,0.6,0.24,0,0,0,0,0,0,NA
17,Manure_SA,2,1,0.96,1.55,0.59,0.236,0,1,0,0,33.33333333,141.2429379,2
17,Manure_SA,2,2,0.97,1.57,0.6,0.24,0,0,0,0,0,0,NA
18,Manure_SA,2,1,0.98,1.56,0.58,0.232,0,2,0,0,66.66666667,287.3563218,2
18,Manure_SA,2,2,0.97,1.61,0.64,0.256,0,1,0,3,133.3333333,520.8333333,3
19,Manure_incorp,2,1,0.96,1.57,0.61,0.244,0,1,0,0,33.33333333,136.6120219,2
19,Manure_incorp,2,2,0.97,1.58,0.61,0.244,0,0,2,1,100,409.8360656,3
20,Manure_incorp,2,1,0.98,1.57,0.59,0.236,0,0,0,0,0,0,NA
20,Manure_incorp,2,2,0.98,1.52,0.54,0.216,0,0,0,0,0,0,NA
21,InocSoil_SA,2,1,0.97,1.47,0.5,0.2,-2,8,10,12,100000,500000,6
21,InocSoil_SA,2,2,0.96,1.49,0.53,0.212,-2,10,5,10,83333.33333,393081.761,6
22,InocSoil_SA,2,1,0.97,1.57,0.6,0.24,-1,14,15,18,15666.66667,65277.77778,5
22,InocSoil_SA,2,2,0.97,1.47,0.5,0.2,-1,6,7,6,6333.333333,31666.66667,5
23,InocSoil_Incorp,2,1,0.97,1.5,0.53,0.212,-2,4,6,7,56666.66667,267295.5975,5
23,InocSoil_Incorp,2,2,0.97,1.48,0.51,0.204,-2,10,12,9,103333.3333,506535.9477,6
24,InocSoil_Incorp,2,1,0.98,1.55,0.57,0.228,-2,22,24,20,220000,964912.2807,6
24,InocSoil_Incorp,2,2,0.99,1.59,0.6,0.24,-2,15,14,19,160000,666666.6667,6
25,InocManure_SA,2,1,0.97,1.44,0.47,0.188,-1,35,26,28,29666.66667,157801.4184,5
25,InocManure_SA,2,2,0.97,1.57,0.6,0.24,-1,37,35,30,34000,141666.6667,5
26,InocManure_SA,2,1,0.98,1.51,0.53,0.212,-1,19,16,14,16333.33333,77044.02516,5
26,InocManure_SA,2,2,0.97,1.49,0.52,0.208,-1,14,20,20,18000,86538.46154,5
27,InocManure_Incorp,2,1,0.97,1.53,0.56,0.224,-3,15,14,16,1500000,6696428.571,7
27,InocManure_Incorp,2,2,0.97,1.5,0.53,0.212,-3,6,7,5,600000,2830188.679,6
28,InocManure_Incorp,2,1,0.99,1.61,0.62,0.248,-2,19,15,17,170000,685483.871,6
28,InocManure_Incorp,2,2,0.95,1.62,0.67,0.268,-2,15,16,13,146666.6667,547263.6816,6
1,Control,3,1,0.97,1.66,0.69,0.276,NA,NA,NA,NA,NA,NA,NA
1,Control,3,2,0.98,1.52,0.54,0.216,NA,NA,NA,NA,NA,NA,NA
2,Control,3,1,0.98,1.45,0.47,0.188,NA,NA,NA,NA,NA,NA,NA
2,Control,3,2,0.98,1.49,0.51,0.204,NA,NA,NA,NA,NA,NA,NA
3,Manure_SA,3,1,0.96,1.38,0.42,0.168,NA,NA,NA,NA,NA,NA,NA
3,Manure_SA,3,2,0.97,1.57,0.6,0.24,NA,NA,NA,NA,NA,NA,NA
4,Manure_SA,3,1,0.96,1.49,0.53,0.212,NA,NA,NA,NA,NA,NA,NA
4,Manure_SA,3,2,0.96,1.54,0.58,0.232,NA,NA,NA,NA,NA,NA,NA
5,Manure_incorp,3,1,0.97,1.52,0.55,0.22,NA,NA,NA,NA,NA,NA,NA
5,Manure_incorp,3,2,0.97,1.59,0.62,0.248,NA,NA,NA,NA,NA,NA,NA
6,Manure_incorp,3,1,0.97,1.53,0.56,0.224,NA,NA,NA,NA,NA,NA,NA
6,Manure_incorp,3,2,0.98,1.49,0.51,0.204,NA,NA,NA,NA,NA,NA,NA
7,InocSoil_SA,3,1,0.97,1.64,0.67,0.268,0,35,27,26,2933.333333,10945.27363,4
7,InocSoil_SA,3,2,0.97,1.5,0.53,0.212,0,39,41,43,4100,19339.62264,4
8,InocSoil_SA,3,1,0.96,1.67,0.71,0.284,-1,31,21,26,26000,91549.29577,5
8,InocSoil_SA,3,2,0.98,1.53,0.55,0.22,-1,6,20,7,11000,50000,5
9,InocSoil_Incorp,3,1,0.96,1.67,0.71,0.284,-1,41,45,35,40333.33333,142018.7793,5
9,InocSoil_Incorp,3,2,0.96,1.42,0.46,0.184,-1,34,35,41,36666.66667,199275.3623,5
10,InocSoil_Incorp,3,1,0.97,1.54,0.57,0.228,-1,38,40,49,42333.33333,185672.5146,5
10,InocSoil_Incorp,3,2,0.97,1.56,0.59,0.236,-1,36,57,53,48666.66667,206214.6893,5
11,InocManure_SA,3,1,0.98,1.48,0.5,0.2,-1,12,17,17,15333.33333,76666.66667,5
11,InocManure_SA,3,2,0.98,1.58,0.6,0.24,-2,10,13,10,110000,458333.3333,6
12,InocManure_SA,3,1,0.96,1.49,0.53,0.212,-2,17,9,14,133333.3333,628930.8176,6
12,InocManure_SA,3,2,0.98,1.65,0.67,0.268,-1,32,38,27,32333.33333,120646.7662,5
13,InocManure_Incorp,3,1,0.96,1.51,0.55,0.22,-1,45,44,47,45333.33333,206060.6061,5
13,InocManure_Incorp,3,2,0.97,1.52,0.55,0.22,-1,5,8,8,7000,31818.18182,5
14,InocManure_Incorp,3,1,0.97,1.54,0.57,0.228,-2,13,9,14,120000,526315.7895,6
14,InocManure_Incorp,3,2,0.98,1.56,0.58,0.232,-2,10,15,11,120000,517241.3793,6
15,Control,3,1,0.98,1.63,0.65,0.26,NA,NA,NA,NA,NA,NA,NA
15,Control,3,2,0.97,1.56,0.59,0.236,NA,NA,NA,NA,NA,NA,NA
16,Control,3,1,0.97,1.48,0.51,0.204,NA,NA,NA,NA,NA,NA,NA
16,Control,3,2,0.97,1.61,0.64,0.256,NA,NA,NA,NA,NA,NA,NA
17,Manure_SA,3,1,0.98,1.65,0.67,0.268,NA,NA,NA,NA,NA,NA,NA
17,Manure_SA,3,2,0.97,1.47,0.5,0.2,NA,NA,NA,NA,NA,NA,NA
18,Manure_SA,3,1,0.97,1.55,0.58,0.232,NA,NA,NA,NA,NA,NA,NA
18,Manure_SA,3,2,0.97,1.51,0.54,0.216,NA,NA,NA,NA,NA,NA,NA
19,Manure_incorp,3,1,0.98,1.56,0.58,0.232,NA,NA,NA,NA,NA,NA,NA
19,Manure_incorp,3,2,0.97,1.58,0.61,0.244,NA,NA,NA,NA,NA,NA,NA
20,Manure_incorp,3,1,0.98,1.61,0.63,0.252,NA,NA,NA,NA,NA,NA,NA
20,Manure_incorp,3,2,0.97,1.44,0.47,0.188,NA,NA,NA,NA,NA,NA,NA
21,InocSoil_SA,3,1,0.98,1.54,0.56,0.224,-1,9,18,19,15333.33333,68452.38095,5
21,InocSoil_SA,3,2,0.97,1.42,0.45,0.18,-1,23,24,25,24000,133333.3333,5
22,InocSoil_SA,3,1,0.97,1.51,0.54,0.216,-1,10,13,9,10666.66667,49382.71605,5
22,InocSoil_SA,3,2,0.98,1.46,0.48,0.192,-1,7,12,16,11666.66667,60763.88889,5
23,InocSoil_Incorp,3,1,0.97,1.57,0.6,0.24,-1,13,14,12,13000,54166.66667,5
23,InocSoil_Incorp,3,2,0.96,1.5,0.54,0.216,-1,25,29,27,27000,125000,5
24,InocSoil_Incorp,3,1,0.98,1.63,0.65,0.26,0,34,35,29,3266.666667,12564.10256,4
24,InocSoil_Incorp,3,2,0.97,1.61,0.64,0.256,-1,28,23,30,27000,105468.75,5
25,InocManure_SA,3,1,0.98,1.55,0.57,0.228,-1,37,35,53,41666.66667,182748.538,5
25,InocManure_SA,3,2,0.96,1.59,0.63,0.252,-2,9,13,4,86666.66667,343915.3439,6
26,InocManure_SA,3,1,0.97,1.41,0.44,0.176,-1,11,12,3,8666.666667,49242.42424,5
26,InocManure_SA,3,2,0.96,1.54,0.58,0.232,-1,4,4,5,4333.333333,18678.16092,4
27,InocManure_Incorp,3,1,0.98,1.56,0.58,0.232,-2,9,10,12,103333.3333,445402.2989,6
27,InocManure_Incorp,3,2,0.98,1.42,0.44,0.176,-1,27,29,21,25666.66667,145833.3333,5
28,InocManure_Incorp,3,1,0.97,1.54,0.57,0.228,-2,11,12,NA,115000,504385.9649,6
28,InocManure_Incorp,3,2,0.96,1.58,0.62,0.248,-2,11,6,6,76666.66667,309139.7849,5
1,Control,4,1,0.96,1.49,0.53,0.212,0,0,0,0,0,0,NA
1,Control,4,2,0.96,1.57,0.61,0.244,0,0,0,0,0,0,NA
2,Control,4,1,0.97,1.48,0.51,0.204,0,0,0,0,0,0,NA
2,Control,4,2,0.97,1.67,0.7,0.28,0,0,0,0,0,0,NA
3,Manure_SA,4,1,NA,NA,NA,NA,NA,NA,NA,NA,NA,NA,NA
3,Manure_SA,4,2,NA,NA,NA,NA,NA,NA,NA,NA,NA,NA,NA
4,Manure_SA,4,1,NA,NA,NA,NA,NA,NA,NA,NA,NA,NA,NA
4,Manure_SA,4,2,NA,NA,NA,NA,NA,NA,NA,NA,NA,NA,NA
5,Manure_incorp,4,1,NA,NA,NA,NA,NA,NA,NA,NA,NA,NA,NA
5,Manure_incorp,4,2,NA,NA,NA,NA,NA,NA,NA,NA,NA,NA,NA
6,Manure_incorp,4,1,NA,NA,NA,NA,NA,NA,NA,NA,NA,NA,NA
6,Manure_incorp,4,2,NA,NA,NA,NA,NA,NA,NA,NA,NA,NA,NA
7,InocSoil_SA,4,1,0.96,1.54,0.58,0.232,0,3,5,3,366.6666667,1580.45977,3
7,InocSoil_SA,4,2,0.97,1.52,0.55,0.22,0,1,6,3,333.3333333,1515.151515,3
8,InocSoil_SA,4,1,0.97,1.71,0.74,0.296,0,15,24,23,2066.666667,6981.981982,4
8,InocSoil_SA,4,2,0.97,1.59,0.62,0.248,0,16,26,30,2400,9677.419355,4
9,InocSoil_Incorp,4,1,0.98,1.46,0.48,0.192,-1,15,15,21,17000,88541.66667,5
9,InocSoil_Incorp,4,2,0.97,1.72,0.75,0.3,-2,3,3,6,40000,133333.3333,5
10,InocSoil_Incorp,4,1,0.98,1.53,0.55,0.22,-1,26,22,18,22000,100000,5
10,InocSoil_Incorp,4,2,0.96,1.49,0.53,0.212,-1,10,10,12,10666.66667,50314.46541,5
11,InocManure_SA,4,1,0.97,1.45,0.48,0.192,-1,2,3,7,4000,20833.33333,4
11,InocManure_SA,4,2,0.98,1.47,0.49,0.196,-1,3,7,5,5000,25510.20408,4
12,InocManure_SA,4,1,0.98,1.51,0.53,0.212,-1,13,16,9,12666.66667,59748.42767,5
12,InocManure_SA,4,2,0.97,1.52,0.55,0.22,-2,2,2,5,30000,136363.6364,5
13,InocManure_Incorp,4,1,0.96,1.52,0.56,0.224,0,17,14,6,1233.333333,5505.952381,4
13,InocManure_Incorp,4,2,0.96,1.61,0.65,0.26,0,2,2,3,233.3333333,897.4358974,3
14,InocManure_Incorp,4,1,0.97,1.49,0.52,0.208,-1,7,6,3,5333.333333,25641.02564,4
14,InocManure_Incorp,4,2,0.96,1.56,0.6,0.24,-1,10,14,6,10000,41666.66667,5
15,Control,4,1,0.97,1.57,0.6,0.24,0,0,0,0,0,0,NA
15,Control,4,2,0.98,1.59,0.61,0.244,0,0,0,0,0,0,NA
16,Control,4,1,0.98,1.6,0.62,0.248,0,0,0,0,0,0,NA
16,Control,4,2,0.97,1.59,0.62,0.248,0,0,0,0,0,0,NA
17,Manure_SA,4,1,NA,NA,NA,NA,NA,NA,NA,NA,NA,NA,NA
17,Manure_SA,4,2,NA,NA,NA,NA,NA,NA,NA,NA,NA,NA,NA
18,Manure_SA,4,1,NA,NA,NA,NA,NA,NA,NA,NA,NA,NA,NA
18,Manure_SA,4,2,NA,NA,NA,NA,NA,NA,NA,NA,NA,NA,NA
19,Manure_incorp,4,1,NA,NA,NA,NA,NA,NA,NA,NA,NA,NA,NA
19,Manure_incorp,4,2,NA,NA,NA,NA,NA,NA,NA,NA,NA,NA,NA
20,Manure_incorp,4,1,NA,NA,NA,NA,NA,NA,NA,NA,NA,NA,NA
20,Manure_incorp,4,2,NA,NA,NA,NA,NA,NA,NA,NA,NA,NA,NA
21,InocSoil_SA,4,1,0.98,1.58,0.6,0.24,0,24,30,25,2633.333333,10972.22222,4
21,InocSoil_SA,4,2,0.97,1.59,0.62,0.248,0,29,38,42,3633.333333,14650.53763,4
22,InocSoil_SA,4,1,0.97,1.61,0.64,0.256,0,35,29,31,3166.666667,12369.79167,4
22,InocSoil_SA,4,2,0.98,1.6,0.62,0.248,0,11,13,12,1200,4838.709677,4
23,InocSoil_Incorp,4,1,0.97,1.62,0.65,0.26,-1,35,27,22,28000,107692.3077,5
23,InocSoil_Incorp,4,2,0.98,1.48,0.5,0.2,-1,19,17,12,16000,80000,5
24,InocSoil_Incorp,4,1,0.96,1.61,0.65,0.26,-1,2,2,3,2333.333333,8974.358974,4
24,InocSoil_Incorp,4,2,0.97,1.53,0.56,0.224,-1,31,27,28,28666.66667,127976.1905,5
25,InocManure_SA,4,1,0.96,1.54,0.58,0.232,-1,9,11,7,9000,38793.10345,5
25,InocManure_SA,4,2,0.96,1.59,0.63,0.252,-1,22,23,28,24333.33333,96560.84656,5
26,InocManure_SA,4,1,0.97,1.62,0.65,0.26,-1,3,2,3,2666.666667,10256.41026,4
26,InocManure_SA,4,2,0.98,1.51,0.53,0.212,-1,3,7,6,5333.333333,25157.2327,4
27,InocManure_Incorp,4,1,0.98,1.63,0.65,0.26,-2,23,24,20,223333.3333,858974.359,6
27,InocManure_Incorp,4,2,0.98,1.49,0.51,0.204,-2,27,20,32,263333.3333,1290849.673,6
28,InocManure_Incorp,4,1,0.96,1.64,0.68,0.272,-1,8,18,15,13666.66667,50245.09804,5
28,InocManure_Incorp,4,2,0.96,1.6,0.64,0.256,-1,18,11,11,13333.33333,52083.33333,5
1,Control,5,1,0.96,1.51,0.55,0.22,NA,NA,NA,NA,NA,NA,NA
1,Control,5,2,0.97,1.56,0.59,0.236,NA,NA,NA,NA,NA,NA,NA
2,Control,5,1,0.98,1.49,0.51,0.204,NA,NA,NA,NA,NA,NA,NA
2,Control,5,2,0.98,1.43,0.45,0.18,NA,NA,NA,NA,NA,NA,NA
3,Manure_SA,5,1,NA,NA,NA,NA,NA,NA,NA,NA,NA,NA,NA
3,Manure_SA,5,2,NA,NA,NA,NA,NA,NA,NA,NA,NA,NA,NA
4,Manure_SA,5,1,NA,NA,NA,NA,NA,NA,NA,NA,NA,NA,NA
4,Manure_SA,5,2,NA,NA,NA,NA,NA,NA,NA,NA,NA,NA,NA
5,Manure_incorp,5,1,NA,NA,NA,NA,NA,NA,NA,NA,NA,NA,NA
5,Manure_incorp,5,2,NA,NA,NA,NA,NA,NA,NA,NA,NA,NA,NA
6,Manure_incorp,5,1,NA,NA,NA,NA,NA,NA,NA,NA,NA,NA,NA
6,Manure_incorp,5,2,NA,NA,NA,NA,NA,NA,NA,NA,NA,NA,NA
7,InocSoil_SA,5,1,0.97,1.4,0.43,0.172,NA,NA,NA,NA,NA,NA,NA
7,InocSoil_SA,5,2,0.97,1.6,0.63,0.252,NA,NA,NA,NA,NA,NA,NA
8,InocSoil_SA,5,1,0.98,1.59,0.61,0.244,0,4,3,4,366.6666667,1502.73224,3
8,InocSoil_SA,5,2,0.99,1.51,0.52,0.208,0,5,4,6,500,2403.846154,3
9,InocSoil_Incorp,5,1,0.97,1.56,0.59,0.236,0,33,36,23,3066.666667,12994.35028,4
9,InocSoil_Incorp,5,2,0.98,1.49,0.51,0.204,0,41,43,32,3866.666667,18954.24837,4
10,InocSoil_Incorp,5,1,0.98,1.57,0.59,0.236,0,11,11,13,1166.666667,4943.502825,4
10,InocSoil_Incorp,5,2,0.97,1.59,0.62,0.248,0,18,26,19,2100,8467.741935,4
11,InocManure_SA,5,1,0.97,1.46,0.49,0.196,0,25,22,18,2166.666667,11054.42177,4
11,InocManure_SA,5,2,0.97,1.56,0.59,0.236,0,12,12,6,1000,4237.288136,4
12,InocManure_SA,5,1,0.98,1.48,0.5,0.2,-1,13,9,14,12000,60000,5
12,InocManure_SA,5,2,0.96,1.55,0.59,0.236,0,18,14,21,1766.666667,7485.875706,4
13,InocManure_Incorp,5,1,0.97,1.54,0.57,0.228,0,11,8,16,1166.666667,5116.959064,4
13,InocManure_Incorp,5,2,0.97,1.58,0.61,0.244,-1,4,4,6,4666.666667,19125.68306,4
14,InocManure_Incorp,5,1,0.96,1.58,0.62,0.248,-1,22,6,14,14000,56451.6129,5
14,InocManure_Incorp,5,2,0.97,1.45,0.48,0.192,-1,8,6,3,5666.666667,29513.88889,4
15,Control,5,1,0.96,1.54,0.58,0.232,NA,NA,NA,NA,NA,NA,NA
15,Control,5,2,0.96,1.52,0.56,0.224,NA,NA,NA,NA,NA,NA,NA
16,Control,5,1,0.96,1.49,0.53,0.212,NA,NA,NA,NA,NA,NA,NA
16,Control,5,2,0.97,1.59,0.62,0.248,NA,NA,NA,NA,NA,NA,NA
17,Manure_SA,5,1,NA,NA,NA,NA,NA,NA,NA,NA,NA,NA,NA
17,Manure_SA,5,2,NA,NA,NA,NA,NA,NA,NA,NA,NA,NA,NA
18,Manure_SA,5,1,NA,NA,NA,NA,NA,NA,NA,NA,NA,NA,NA
18,Manure_SA,5,2,NA,NA,NA,NA,NA,NA,NA,NA,NA,NA,NA
19,Manure_incorp,5,1,NA,NA,NA,NA,NA,NA,NA,NA,NA,NA,NA
19,Manure_incorp,5,2,NA,NA,NA,NA,NA,NA,NA,NA,NA,NA,NA
20,Manure_incorp,5,1,NA,NA,NA,NA,NA,NA,NA,NA,NA,NA,NA
20,Manure_incorp,5,2,NA,NA,NA,NA,NA,NA,NA,NA,NA,NA,NA
21,InocSoil_SA,5,1,0.98,1.53,0.55,0.22,0,4,8,9,700,3181.818182,4
21,InocSoil_SA,5,2,0.97,1.48,0.51,0.204,0,9,12,9,1000,4901.960784,4
22,InocSoil_SA,5,1,0.97,1.55,0.58,0.232,0,11,12,11,1133.333333,4885.057471,4
22,InocSoil_SA,5,2,0.98,1.59,0.61,0.244,0,4,3,3,333.3333333,1366.120219,3
23,InocSoil_Incorp,5,1,0.97,1.54,0.57,0.228,0,29,28,27,2800,12280.70175,4
23,InocSoil_Incorp,5,2,0.98,1.53,0.55,0.22,0,23,19,21,2100,9545.454545,4
24,InocSoil_Incorp,5,1,0.97,1.48,0.51,0.204,0,11,6,8,833.3333333,4084.96732,4
24,InocSoil_Incorp,5,2,0.97,1.52,0.55,0.22,0,24,21,24,2300,10454.54545,4
25,InocManure_SA,5,1,0.98,1.61,0.63,0.252,NA,NA,NA,NA,NA,NA,NA
25,InocManure_SA,5,2,0.97,1.47,0.5,0.2,NA,NA,NA,NA,NA,NA,NA
26,InocManure_SA,5,1,0.96,1.52,0.56,0.224,NA,NA,NA,NA,NA,NA,NA
26,InocManure_SA,5,2,0.96,1.56,0.6,0.24,NA,NA,NA,NA,NA,NA,NA
27,InocManure_Incorp,5,1,0.97,1.58,0.61,0.244,NA,NA,NA,NA,NA,NA,NA
27,InocManure_Incorp,5,2,0.97,1.47,0.5,0.2,-1,25,17,14,18666.66667,93333.33333,5
28,InocManure_Incorp,5,1,0.97,1.57,0.6,0.24,NA,NA,NA,NA,NA,NA,NA
28,InocManure_Incorp,5,2,0.98,1.53,0.55,0.22,-1,14,15,9,12666.66667,57575.75758,5
1,Control,6,1,0.97,1.49,0.52,0.208,NA,NA,NA,NA,NA,NA,NA
1,Control,6,2,0.97,1.54,0.57,0.228,NA,NA,NA,NA,NA,NA,NA
2,Control,6,1,0.97,1.63,0.66,0.264,NA,NA,NA,NA,NA,NA,NA
2,Control,6,2,0.98,1.65,0.67,0.268,NA,NA,NA,NA,NA,NA,NA
3,Manure_SA,6,1,NA,NA,NA,NA,NA,NA,NA,NA,NA,NA,NA
3,Manure_SA,6,2,NA,NA,NA,NA,NA,NA,NA,NA,NA,NA,NA
4,Manure_SA,6,1,NA,NA,NA,NA,NA,NA,NA,NA,NA,NA,NA
4,Manure_SA,6,2,NA,NA,NA,NA,NA,NA,NA,NA,NA,NA,NA
5,Manure_incorp,6,1,NA,NA,NA,NA,NA,NA,NA,NA,NA,NA,NA
5,Manure_incorp,6,2,NA,NA,NA,NA,NA,NA,NA,NA,NA,NA,NA
6,Manure_incorp,6,1,NA,NA,NA,NA,NA,NA,NA,NA,NA,NA,NA
6,Manure_incorp,6,2,NA,NA,NA,NA,NA,NA,NA,NA,NA,NA,NA
7,InocSoil_SA,6,1,1,1.65,0.65,0.26,NA,NA,NA,NA,NA,NA,NA
7,InocSoil_SA,6,2,0.96,1.53,0.57,0.228,NA,NA,NA,NA,NA,NA,NA
8,InocSoil_SA,6,1,0.98,1.55,0.57,0.228,0,0,0,3,100,438.5964912,3
8,InocSoil_SA,6,2,0.96,1.52,0.56,0.224,0,0,0,1,33.33333333,148.8095238,2
9,InocSoil_Incorp,6,1,0.96,1.6,0.64,0.256,0,2,3,1,200,781.25,3
9,InocSoil_Incorp,6,2,0.97,1.5,0.53,0.212,0,0,0,1,33.33333333,157.2327044,2
10,InocSoil_Incorp,6,1,0.96,1.46,0.5,0.2,0,10,9,11,1000,5000,4
10,InocSoil_Incorp,6,2,0.96,1.57,0.61,0.244,0,14,9,13,1200,4918.032787,4
11,InocManure_SA,6,1,0.96,1.57,0.61,0.244,0,3,14,5,733.3333333,3005.464481,3
11,InocManure_SA,6,2,0.98,1.59,0.61,0.244,NA,NA,NA,NA,NA,NA,NA
12,InocManure_SA,6,1,0.98,1.45,0.47,0.188,0,17,17,24,1933.333333,10283.68794,4
12,InocManure_SA,6,2,0.97,1.6,0.63,0.252,0,15,15,16,1533.333333,6084.656085,4
13,InocManure_Incorp,6,1,0.96,1.59,0.63,0.252,-1,4,3,2,3000,11904.7619,4
13,InocManure_Incorp,6,2,0.98,1.55,0.57,0.228,0,13,7,9,966.6666667,4239.766082,4
14,InocManure_Incorp,6,1,0.97,1.66,0.69,0.276,-1,12,19,13,14666.66667,53140.09662,5
14,InocManure_Incorp,6,2,0.97,1.51,0.54,0.216,0,36,28,26,3000,13888.88889,4
15,Control,6,1,0.97,1.62,0.65,0.26,NA,NA,NA,NA,NA,NA,NA
15,Control,6,2,0.96,1.61,0.65,0.26,NA,NA,NA,NA,NA,NA,NA
16,Control,6,1,0.98,1.54,0.56,0.224,NA,NA,NA,NA,NA,NA,NA
16,Control,6,2,0.98,1.66,0.68,0.272,NA,NA,NA,NA,NA,NA,NA
17,Manure_SA,6,1,NA,NA,NA,NA,NA,NA,NA,NA,NA,NA,NA
17,Manure_SA,6,2,NA,NA,NA,NA,NA,NA,NA,NA,NA,NA,NA
18,Manure_SA,6,1,NA,NA,NA,NA,NA,NA,NA,NA,NA,NA,NA
18,Manure_SA,6,2,NA,NA,NA,NA,NA,NA,NA,NA,NA,NA,NA
19,Manure_incorp,6,1,NA,NA,NA,NA,NA,NA,NA,NA,NA,NA,NA
19,Manure_incorp,6,2,NA,NA,NA,NA,NA,NA,NA,NA,NA,NA,NA
20,Manure_incorp,6,1,NA,NA,NA,NA,NA,NA,NA,NA,NA,NA,NA
20,Manure_incorp,6,2,NA,NA,NA,NA,NA,NA,NA,NA,NA,NA,NA
21,InocSoil_SA,6,1,0.99,1.59,0.6,0.24,0,21,11,10,1400,5833.333333,4
21,InocSoil_SA,6,2,0.98,1.54,0.56,0.224,NA,NA,NA,NA,NA,NA,NA
22,InocSoil_SA,6,1,0.97,1.53,0.56,0.224,0,0,2,1,100,446.4285714,3
22,InocSoil_SA,6,2,0.97,1.61,0.64,0.256,0,0,2,0,66.66666667,260.4166667,2
23,InocSoil_Incorp,6,1,0.97,1.6,0.63,0.252,NA,NA,NA,NA,NA,NA,NA
23,InocSoil_Incorp,6,2,0.98,1.56,0.58,0.232,NA,NA,NA,NA,NA,NA,NA
24,InocSoil_Incorp,6,1,0.97,1.55,0.58,0.232,NA,NA,NA,NA,NA,NA,NA
24,InocSoil_Incorp,6,2,0.96,1.57,0.61,0.244,0,0,0,2,66.66666667,273.2240437,2
25,InocManure_SA,6,1,0.98,1.61,0.63,0.252,0,6,30,18,1800,7142.857143,4
25,InocManure_SA,6,2,0.97,1.5,0.53,0.212,0,25,7,18,1666.666667,7861.63522,4
26,InocManure_SA,6,1,0.96,1.52,0.56,0.224,0,17,18.5,20,1850,8258.928571,4
26,InocManure_SA,6,2,0.96,1.43,0.47,0.188,0,5,11,9,833.3333333,4432.624113,4
27,InocManure_Incorp,6,1,0.97,1.57,0.6,0.24,-1,0,8,20,9333.333333,38888.88889,5
27,InocManure_Incorp,6,2,0.98,1.54,0.56,0.224,-1,30,41,40,37000,165178.5714,5
28,InocManure_Incorp,6,1,0.96,1.72,0.76,0.304,NA,NA,NA,NA,NA,NA,NA
28,InocManure_Incorp,6,2,0.97,1.52,0.55,0.22,-1,4,10,5,6333.333333,28787.87879,4
1,Control,7,1,0.97,1.54,0.57,0.228,NA,NA,NA,NA,NA,NA,NA
1,Control,7,2,0.96,1.55,0.59,0.236,NA,NA,NA,NA,NA,NA,NA
2,Control,7,1,0.96,1.55,0.59,0.236,NA,NA,NA,NA,NA,NA,NA
2,Control,7,2,0.98,1.62,0.64,0.256,NA,NA,NA,NA,NA,NA,NA
3,Manure_SA,7,1,NA,NA,NA,NA,NA,NA,NA,NA,NA,NA,NA
3,Manure_SA,7,2,NA,NA,NA,NA,NA,NA,NA,NA,NA,NA,NA
4,Manure_SA,7,1,NA,NA,NA,NA,NA,NA,NA,NA,NA,NA,NA
4,Manure_SA,7,2,NA,NA,NA,NA,NA,NA,NA,NA,NA,NA,NA
5,Manure_incorp,7,1,NA,NA,NA,NA,NA,NA,NA,NA,NA,NA,NA
5,Manure_incorp,7,2,NA,NA,NA,NA,NA,NA,NA,NA,NA,NA,NA
6,Manure_incorp,7,1,NA,NA,NA,NA,NA,NA,NA,NA,NA,NA,NA
6,Manure_incorp,7,2,NA,NA,NA,NA,NA,NA,NA,NA,NA,NA,NA
7,InocSoil_SA,7,1,0.97,1.44,0.47,0.188,0,0,0,0,0,0,NA
7,InocSoil_SA,7,2,0.97,1.59,0.62,0.248,0,0,0,0,0,0,NA
8,InocSoil_SA,7,1,0.97,1.49,0.52,0.208,0,0,0,0,0,0,NA
8,InocSoil_SA,7,2,0.98,1.53,0.55,0.22,0,0,0,0,0,0,NA
9,InocSoil_Incorp,7,1,0.99,1.49,0.5,0.2,0,0,1,1,66.66666667,333.3333333,3
9,InocSoil_Incorp,7,2,0.97,1.6,0.63,0.252,0,0,1,1,66.66666667,264.5502646,2
10,InocSoil_Incorp,7,1,0.97,1.42,0.45,0.18,0,39,27,30,3200,17777.77778,4
10,InocSoil_Incorp,7,2,0.96,1.62,0.66,0.264,0,23,21,19,2100,7954.545455,4
11,InocManure_SA,7,1,0.97,1.49,0.52,0.208,0,23,37,39,3300,15865.38462,4
11,InocManure_SA,7,2,0.97,1.43,0.46,0.184,0,35,30,41,3533.333333,19202.89855,4
12,InocManure_SA,7,1,1,1.53,0.53,0.212,0,2,0,0,66.66666667,314.4654088,2
12,InocManure_SA,7,2,0.96,1.53,0.57,0.228,0,1,1,0,66.66666667,292.3976608,2
13,InocManure_Incorp,7,1,0.96,1.47,0.51,0.204,0,1,3,2,200,980.3921569,3
13,InocManure_Incorp,7,2,0.96,1.49,0.53,0.212,0,1,1,0,66.66666667,314.4654088,2
14,InocManure_Incorp,7,1,0.96,1.44,0.48,0.192,0,5,6,4,500,2604.166667,3
14,InocManure_Incorp,7,2,0.96,1.5,0.54,0.216,0,5,3,5,433.3333333,2006.17284,3
15,Control,7,1,0.97,1.43,0.46,0.184,NA,NA,NA,NA,NA,NA,NA
15,Control,7,2,0.96,1.4,0.44,0.176,NA,NA,NA,NA,NA,NA,NA
16,Control,7,1,0.95,1.51,0.56,0.224,NA,NA,NA,NA,NA,NA,NA
16,Control,7,2,1.03,1.59,0.56,0.224,NA,NA,NA,NA,NA,NA,NA
17,Manure_SA,7,1,NA,NA,NA,NA,NA,NA,NA,NA,NA,NA,NA
17,Manure_SA,7,2,NA,NA,NA,NA,NA,NA,NA,NA,NA,NA,NA
18,Manure_SA,7,1,NA,NA,NA,NA,NA,NA,NA,NA,NA,NA,NA
18,Manure_SA,7,2,NA,NA,NA,NA,NA,NA,NA,NA,NA,NA,NA
19,Manure_incorp,7,1,NA,NA,NA,NA,NA,NA,NA,NA,NA,NA,NA
19,Manure_incorp,7,2,NA,NA,NA,NA,NA,NA,NA,NA,NA,NA,NA
20,Manure_incorp,7,1,NA,NA,NA,NA,NA,NA,NA,NA,NA,NA,NA
20,Manure_incorp,7,2,NA,NA,NA,NA,NA,NA,NA,NA,NA,NA,NA
21,InocSoil_SA,7,1,0.94,1.57,0.63,0.252,0,0,0,0,0,0,NA
21,InocSoil_SA,7,2,0.96,1.55,0.59,0.236,0,0,0,0,0,0,NA
22,InocSoil_SA,7,1,0.98,1.61,0.63,0.252,0,0,0,0,0,0,NA
22,InocSoil_SA,7,2,0.98,1.51,0.53,0.212,0,0,0,0,0,0,NA
23,InocSoil_Incorp,7,1,0.97,1.57,0.6,0.24,0,1,1,1,100,416.6666667,3
23,InocSoil_Incorp,7,2,0.97,1.65,0.68,0.272,0,3,4,2,300,1102.941176,3
24,InocSoil_Incorp,7,1,0.96,1.5,0.54,0.216,0,3,0,1,133.3333333,617.2839506,3
24,InocSoil_Incorp,7,2,0.99,1.49,0.5,0.2,0,1,1,1,100,500,3
25,InocManure_SA,7,1,1,1.55,0.55,0.22,0,2,1,1,133.3333333,606.0606061,3
25,InocManure_SA,7,2,1,1.49,0.49,0.196,0,8,8,6,733.3333333,3741.496599,4
26,InocManure_SA,7,1,0.95,1.67,0.72,0.288,0,1,1,1,100,347.2222222,3
26,InocManure_SA,7,2,1,1.74,0.74,0.296,0,0,0,0,0,0,NA
27,InocManure_Incorp,7,1,0.99,1.56,0.57,0.228,0,14,21,18,1766.666667,7748.538012,4
27,InocManure_Incorp,7,2,0.98,1.37,0.39,0.156,0,17,17,20,1800,11538.46154,4
28,InocManure_Incorp,7,1,0.99,1.45,0.46,0.184,0,1,1,0,66.66666667,362.3188406,3
28,InocManure_Incorp,7,2,0.96,1.46,0.5,0.2,0,1,0,0,33.33333333,166.6666667,2
